Article Id,Title,Author,Cited By,2010,2011,2012,2013,2014,2015,2016,2017,2018,2019,2020
paper001,"Machine Learning Methods for Citation Analysis",John Smith,320,5,12,18,25,30,40,45,50,45,30,20
paper002,"Neural Networks in Academic Research",Jane Doe,180,0,2,5,10,15,20,30,35,28,20,15
paper003,"A Systematic Review of Citation Pattern Analysis",Robert Johnson,95,0,0,2,5,8,12,15,18,15,10,10
paper004,"Why Some Papers Remain Uncited: A Bibliometric Study",Sarah Williams,42,0,0,0,0,2,4,6,8,8,7,7
paper005,"The Role of Collaboration in Citation Success",Michael Brown,215,3,8,12,18,22,25,30,35,25,20,17
paper006,"Language and Style Effects on Citation Rates",Emily Chen,128,0,3,7,10,15,18,22,20,15,10,8
paper007,"Topic Modeling for Predicting Citation Impact",David Rodriguez,86,0,0,0,0,1,5,10,15,20,18,17
paper008,"A Sleeping Beauty: Delayed Recognition in Academia",Jennifer Kim,64,1,1,2,1,0,1,3,10,15,15,15
paper009,"Flash in the Pan: Papers with Short-lived Citation Peaks",Christopher Lee,110,0,20,35,25,15,8,4,2,1,0,0
paper010,"Interdisciplinary Research and Citation Patterns",Michelle Garcia,142,2,5,8,12,15,20,22,20,15,13,10